id,FirstName,LastName,Sports,City,Country
1001,Emerry,Blair,Basketball,Qutubullapur,San Marino
1002,Zephr,Stephenson,Cricket,Neerharen,Dominican Republic
1003,Autumn,Bean,Basketball,Neerharen,Dominican Republic
1004,Kasimir,Vance,Badminton,Neerharen,Dominican Republic
1005,Mufutau,Flores,,Qutubullapur,San Marino
1006,Ayanna,Banks,Football,Neerharen,Dominican Republic
1007,Selma,Ball,Tennis,Qutubullapur,San Marino
1008,Berk,Fuller,Badminton,Neerharen,Dominican Republic
1009,Imogene,Terrell,,Qutubullapur,San Marino
1010,Colorado,Hutchinson,Tennis,Qutubullapur,San Marino
1011,Emerry,Blair,Basketball,Qutubullapur,San Marino
1012,Zephr,Stephenson,Cricket,Neerharen,Dominican Republic
1013,Autumn,Bean,Basketball,Neerharen,Dominican Republic
1014,Kasimir,Vance,Badminton,Neerharen,Dominican Republic
1015,Mufutau,Flores,,Qutubullapur,San Marino
1016,Ayanna,Banks,Football,Neerharen,Dominican Republic
1017,Selma,Ball,Tennis,Qutubullapur,San Marino
1018,Berk,Fuller,Badminton,Neerharen,Dominican Republic
1019,Imogene,Terrell,,Qutubullapur,San Marino
1020,Colorado,Hutchinson,Tennis,Qutubullapur,San Marino
1021,Emerry,Blair,Basketball,Qutubullapur,San Marino
1022,Zephr,Stephenson,Cricket,Neerharen,Dominican Republic
1023,Autumn,Bean,Basketball,Neerharen,Dominican Republic
1024,Kasimir,Vance,Badminton,Neerharen,Dominican Republic
1025,Mufutau,Flores,,Qutubullapur,San Marino
1026,Ayanna,Banks,Football,Neerharen,Dominican Republic
1027,Selma,Ball,Tennis,Qutubullapur,San Marino
1028,Berk,Fuller,Badminton,Neerharen,Dominican Republic
1029,Imogene,Terrell,,Qutubullapur,San Marino
1030,Colorado,Hutchinson,Tennis,Qutubullapur,San Marino
1031,Emerry,Blair,Basketball,Qutubullapur,San Marino
1032,Zephr,Stephenson,Cricket,Neerharen,Dominican Republic
1033,Autumn,Bean,Basketball,Neerharen,Dominican Republic
1034,Kasimir,Vance,Badminton,Neerharen,Dominican Republic
1035,Mufutau,Flores,,Qutubullapur,San Marino
1036,Ayanna,Banks,Football,Neerharen,Dominican Republic
1037,Selma,Ball,Tennis,Qutubullapur,San Marino
1038,Berk,Fuller,Badminton,Neerharen,Dominican Republic
1039,Imogene,Terrell,,Qutubullapur,San Marino
1040,Colorado,Hutchinson,Tennis,Qutubullapur,San Marino
1041,Emerry,Blair,Basketball,Qutubullapur,San Marino
1042,Zephr,Stephenson,Cricket,Neerharen,Dominican Republic
1043,Autumn,Bean,Basketball,Neerharen,Dominican Republic
1044,Kasimir,Vance,Badminton,Neerharen,Dominican Republic
1045,Mufutau,Flores,,Qutubullapur,San Marino
1046,Ayanna,Banks,Football,Neerharen,Dominican Republic
1047,Selma,Ball,Tennis,Qutubullapur,San Marino
1048,Berk,Fuller,Badminton,Neerharen,Dominican Republic
1049,Imogene,Terrell,,Qutubullapur,San Marino
1050,Colorado,Hutchinson,Tennis,Qutubullapur,San Marino
1051,Emerry,Blair,Basketball,Qutubullapur,San Marino
1052,Zephr,Stephenson,Cricket,Neerharen,Dominican Republic
1053,Autumn,Bean,Basketball,Neerharen,Dominican Republic
1054,Kasimir,Vance,Badminton,Neerharen,Dominican Republic
1055,Mufutau,Flores,,Qutubullapur,San Marino
1056,Ayanna,Banks,Football,Neerharen,Dominican Republic
1057,Selma,Ball,Tennis,Qutubullapur,San Marino
1058,Berk,Fuller,Badminton,Neerharen,Dominican Republic
1059,Imogene,Terrell,,Qutubullapur,San Marino
1060,Colorado,Hutchinson,Tennis,Qutubullapur,San Marino
1061,Emerry,Blair,Basketball,Qutubullapur,San Marino
1062,Zephr,Stephenson,Cricket,Neerharen,Dominican Republic
1063,Autumn,Bean,Basketball,Neerharen,Dominican Republic
1064,Kasimir,Vance,Badminton,Neerharen,Dominican Republic
1065,Mufutau,Flores,,Qutubullapur,San Marino
1066,Ayanna,Banks,Football,Neerharen,Dominican Republic
1067,Selma,Ball,Tennis,Qutubullapur,San Marino
1068,Berk,Fuller,Badminton,Neerharen,Dominican Republic
1069,Imogene,Terrell,,Qutubullapur,San Marino
1070,Colorado,Hutchinson,Tennis,Qutubullapur,San Marino
1071,Emerry,Blair,Basketball,Qutubullapur,San Marino
1072,Zephr,Stephenson,Cricket,Neerharen,Dominican Republic
1073,Autumn,Bean,Basketball,Neerharen,Dominican Republic
1074,Kasimir,Vance,Badminton,Neerharen,Dominican Republic
1075,Mufutau,Flores,,Qutubullapur,San Marino
1076,Ayanna,Banks,Football,Neerharen,Dominican Republic
1077,Selma,Ball,Tennis,Qutubullapur,San Marino
1078,Berk,Fuller,Badminton,Neerharen,Dominican Republic
1079,Imogene,Terrell,,Qutubullapur,San Marino
1080,Colorado,Hutchinson,Tennis,Qutubullapur,San Marino
1081,Emerry,Blair,Basketball,Qutubullapur,San Marino
1082,Zephr,Stephenson,Cricket,Neerharen,Dominican Republic
1083,Autumn,Bean,Basketball,Neerharen,Dominican Republic
1084,Kasimir,Vance,Badminton,Neerharen,Dominican Republic
1085,Mufutau,Flores,,Qutubullapur,San Marino
1086,Ayanna,Banks,Football,Neerharen,Dominican Republic
1087,Selma,Ball,Tennis,Qutubullapur,San Marino
1088,Berk,Fuller,Badminton,Neerharen,Dominican Republic
1089,Imogene,Terrell,,Qutubullapur,San Marino
1090,Colorado,Hutchinson,Tennis,Qutubullapur,San Marino
1091,Emerry,Blair,Basketball,Qutubullapur,San Marino
1092,Zephr,Stephenson,Cricket,Neerharen,Dominican Republic
1093,Autumn,Bean,Basketball,Neerharen,Dominican Republic
1094,Kasimir,Vance,Badminton,Neerharen,Dominican Republic
1095,Mufutau,Flores,,Qutubullapur,San Marino
1096,Ayanna,Banks,Football,Neerharen,Dominican Republic
1097,Selma,Ball,Tennis,Qutubullapur,San Marino
1098,Berk,Fuller,Badminton,Neerharen,Dominican Republic
1099,Imogene,Terrell,,Qutubullapur,San Marino
1100,Colorado,Hutchinson,Tennis,Qutubullapur,San Marino
1101,Emerry,Blair,Basketball,Qutubullapur,San Marino
1102,Zephr,Stephenson,Cricket,Neerharen,Dominican Republic
1103,Autumn,Bean,Basketball,Neerharen,Dominican Republic
1104,Kasimir,Vance,Badminton,Neerharen,Dominican Republic
1105,Mufutau,Flores,,Qutubullapur,San Marino
1106,Ayanna,Banks,Football,Neerharen,Dominican Republic
1107,Selma,Ball,Tennis,Qutubullapur,San Marino
1108,Berk,Fuller,Badminton,Neerharen,Dominican Republic
1109,Imogene,Terrell,,Qutubullapur,San Marino
1110,Colorado,Hutchinson,Tennis,Qutubullapur,San Marino
1111,Emerry,Blair,Basketball,Qutubullapur,San Marino
1112,Zephr,Stephenson,Cricket,Neerharen,Dominican Republic
1113,Autumn,Bean,Basketball,Neerharen,Dominican Republic
1114,Kasimir,Vance,Badminton,Neerharen,Dominican Republic
1115,Mufutau,Flores,,Qutubullapur,San Marino
1116,Ayanna,Banks,Football,Neerharen,Dominican Republic
1117,Selma,Ball,Tennis,Qutubullapur,San Marino
1118,Berk,Fuller,Badminton,Neerharen,Dominican Republic
1119,Imogene,Terrell,,Qutubullapur,San Marino
1120,Colorado,Hutchinson,Tennis,Qutubullapur,San Marino
1121,Emerry,Blair,Basketball,Qutubullapur,San Marino
1122,Zephr,Stephenson,Cricket,Neerharen,Dominican Republic
1123,Autumn,Bean,Basketball,Neerharen,Dominican Republic
1124,Kasimir,Vance,Badminton,Neerharen,Dominican Republic
1125,Mufutau,Flores,,Qutubullapur,San Marino
1126,Ayanna,Banks,Football,Neerharen,Dominican Republic
1127,Selma,Ball,Tennis,Qutubullapur,San Marino
1128,Berk,Fuller,Badminton,Neerharen,Dominican Republic
1129,Imogene,Terrell,,Qutubullapur,San Marino
1130,Colorado,Hutchinson,Tennis,Qutubullapur,San Marino
1131,Emerry,Blair,Basketball,Qutubullapur,San Marino
1132,Zephr,Stephenson,Cricket,Neerharen,Dominican Republic
1133,Autumn,Bean,Basketball,Neerharen,Dominican Republic
1134,Kasimir,Vance,Badminton,Neerharen,Dominican Republic
1135,Mufutau,Flores,,Qutubullapur,San Marino
1136,Ayanna,Banks,Football,Neerharen,Dominican Republic
1137,Selma,Ball,Tennis,Qutubullapur,San Marino
1138,Berk,Fuller,Badminton,Neerharen,Dominican Republic
1139,Imogene,Terrell,,Qutubullapur,San Marino
1140,Colorado,Hutchinson,Tennis,Qutubullapur,San Marino
1141,Emerry,Blair,Basketball,Qutubullapur,San Marino
1142,Zephr,Stephenson,Cricket,Neerharen,Dominican Republic
1143,Autumn,Bean,Basketball,Neerharen,Dominican Republic
1144,Kasimir,Vance,Badminton,Neerharen,Dominican Republic
1145,Mufutau,Flores,,Qutubullapur,San Marino
1146,Ayanna,Banks,Football,Neerharen,Dominican Republic
1147,Selma,Ball,Tennis,Qutubullapur,San Marino
1148,Berk,Fuller,Badminton,Neerharen,Dominican Republic
1149,Imogene,Terrell,,Qutubullapur,San Marino
1150,Colorado,Hutchinson,Tennis,Qutubullapur,San Marino
1151,Emerry,Blair,Basketball,Qutubullapur,San Marino
1152,Zephr,Stephenson,Cricket,Neerharen,Dominican Republic
1153,Autumn,Bean,Basketball,Neerharen,Dominican Republic
1154,Kasimir,Vance,Badminton,Neerharen,Dominican Republic
1155,Mufutau,Flores,,Qutubullapur,San Marino
1156,Ayanna,Banks,Football,Neerharen,Dominican Republic
1157,Selma,Ball,Tennis,Qutubullapur,San Marino
1158,Berk,Fuller,Badminton,Neerharen,Dominican Republic
1159,Imogene,Terrell,,Qutubullapur,San Marino
1160,Colorado,Hutchinson,Tennis,Qutubullapur,San Marino
1161,Emerry,Blair,Basketball,Qutubullapur,San Marino
1162,Zephr,Stephenson,Cricket,Neerharen,Dominican Republic
1163,Autumn,Bean,Basketball,Neerharen,Dominican Republic
1164,Kasimir,Vance,Badminton,Neerharen,Dominican Republic
1165,Mufutau,Flores,,Qutubullapur,San Marino
1166,Ayanna,Banks,Football,Neerharen,Dominican Republic
1167,Selma,Ball,Tennis,Qutubullapur,San Marino
1168,Berk,Fuller,Badminton,Neerharen,Dominican Republic
1169,Imogene,Terrell,,Qutubullapur,San Marino
1170,Colorado,Hutchinson,Tennis,Qutubullapur,San Marino
1171,Emerry,Blair,Basketball,Qutubullapur,San Marino
1172,Zephr,Stephenson,Cricket,Neerharen,Dominican Republic
1173,Autumn,Bean,Basketball,Neerharen,Dominican Republic
1174,Kasimir,Vance,Badminton,Neerharen,Dominican Republic
1175,Mufutau,Flores,,Qutubullapur,San Marino
1176,Ayanna,Banks,Football,Neerharen,Dominican Republic
1177,Selma,Ball,Tennis,Qutubullapur,San Marino
1178,Berk,Fuller,Badminton,Neerharen,Dominican Republic
1179,Imogene,Terrell,,Qutubullapur,San Marino
1180,Colorado,Hutchinson,Tennis,Qutubullapur,San Marino
1181,Emerry,Blair,Basketball,Qutubullapur,San Marino
1182,Zephr,Stephenson,Cricket,Neerharen,Dominican Republic
1183,Autumn,Bean,Basketball,Neerharen,Dominican Republic
1184,Kasimir,Vance,Badminton,Neerharen,Dominican Republic
1185,Mufutau,Flores,,Qutubullapur,San Marino
1186,Ayanna,Banks,Football,Neerharen,Dominican Republic
1187,Selma,Ball,Tennis,Qutubullapur,San Marino
1188,Berk,Fuller,Badminton,Neerharen,Dominican Republic
1189,Imogene,Terrell,,Qutubullapur,San Marino
1190,Colorado,Hutchinson,Tennis,Qutubullapur,San Marino
1191,Emerry,Blair,Basketball,Qutubullapur,San Marino
1192,Zephr,Stephenson,Cricket,Neerharen,Dominican Republic
1193,Autumn,Bean,Basketball,Neerharen,Dominican Republic
1194,Kasimir,Vance,Badminton,Neerharen,Dominican Republic
1195,Mufutau,Flores,,Qutubullapur,San Marino
1196,Ayanna,Banks,Football,Neerharen,Dominican Republic
1197,Selma,Ball,Tennis,Qutubullapur,San Marino
1198,Berk,Fuller,Badminton,Neerharen,Dominican Republic
1199,Imogene,Terrell,,Qutubullapur,San Marino
1200,Colorado,Hutchinson,Tennis,Qutubullapur,San Marino
1201,Emerry,Blair,Basketball,Qutubullapur,San Marino
1202,Zephr,Stephenson,Cricket,Neerharen,Dominican Republic
1203,Autumn,Bean,Basketball,Neerharen,Dominican Republic
1204,Kasimir,Vance,Badminton,Neerharen,Dominican Republic
1205,Mufutau,Flores,,Qutubullapur,San Marino
1206,Ayanna,Banks,Football,Neerharen,Dominican Republic
1207,Selma,Ball,Tennis,Qutubullapur,San Marino
1208,Berk,Fuller,Badminton,Neerharen,Dominican Republic
1209,Imogene,Terrell,,Qutubullapur,San Marino
1210,Colorado,Hutchinson,Tennis,Qutubullapur,San Marino
1211,Emerry,Blair,Basketball,Qutubullapur,San Marino
1212,Zephr,Stephenson,Cricket,Neerharen,Dominican Republic
1213,Autumn,Bean,Basketball,Neerharen,Dominican Republic
1214,Kasimir,Vance,Badminton,Neerharen,Dominican Republic
1215,Mufutau,Flores,,Qutubullapur,San Marino
1216,Ayanna,Banks,Football,Neerharen,Dominican Republic
1217,Selma,Ball,Tennis,Qutubullapur,San Marino
1218,Berk,Fuller,Badminton,Neerharen,Dominican Republic
1219,Imogene,Terrell,,Qutubullapur,San Marino
1220,Colorado,Hutchinson,Tennis,Qutubullapur,San Marino
1221,Emerry,Blair,Basketball,Qutubullapur,San Marino
1222,Zephr,Stephenson,Cricket,Neerharen,Dominican Republic
1223,Autumn,Bean,Basketball,Neerharen,Dominican Republic
1224,Kasimir,Vance,Badminton,Neerharen,Dominican Republic
1225,Mufutau,Flores,,Qutubullapur,San Marino
1226,Ayanna,Banks,Football,Neerharen,Dominican Republic
1227,Selma,Ball,Tennis,Qutubullapur,San Marino
1228,Berk,Fuller,Badminton,Neerharen,Dominican Republic
1229,Imogene,Terrell,,Qutubullapur,San Marino
1230,Colorado,Hutchinson,Tennis,Qutubullapur,San Marino
1231,Emerry,Blair,Basketball,Qutubullapur,San Marino
1232,Zephr,Stephenson,Cricket,Neerharen,Dominican Republic
1233,Autumn,Bean,Basketball,Neerharen,Dominican Republic
1234,Kasimir,Vance,Badminton,Neerharen,Dominican Republic
1235,Mufutau,Flores,,Qutubullapur,San Marino
1236,Ayanna,Banks,Football,Neerharen,Dominican Republic
1237,Selma,Ball,Tennis,Qutubullapur,San Marino
1238,Berk,Fuller,Badminton,Neerharen,Dominican Republic
1239,Imogene,Terrell,,Qutubullapur,San Marino
1240,Colorado,Hutchinson,Tennis,Qutubullapur,San Marino
1241,Emerry,Blair,Basketball,Qutubullapur,San Marino
1242,Zephr,Stephenson,Cricket,Neerharen,Dominican Republic
1243,Autumn,Bean,Basketball,Neerharen,Dominican Republic
1244,Kasimir,Vance,Badminton,Neerharen,Dominican Republic
1245,Mufutau,Flores,,Qutubullapur,San Marino
1246,Ayanna,Banks,Football,Neerharen,Dominican Republic
1247,Selma,Ball,Tennis,Qutubullapur,San Marino
1248,Berk,Fuller,Badminton,Neerharen,Dominican Republic
1249,Imogene,Terrell,,Qutubullapur,San Marino
1250,Colorado,Hutchinson,Tennis,Qutubullapur,San Marino
1251,Emerry,Blair,Basketball,Qutubullapur,San Marino
1252,Zephr,Stephenson,Cricket,Neerharen,Dominican Republic
1253,Autumn,Bean,Basketball,Neerharen,Dominican Republic
1254,Kasimir,Vance,Badminton,Neerharen,Dominican Republic
1255,Mufutau,Flores,,Qutubullapur,San Marino
1256,Ayanna,Banks,Football,Neerharen,Dominican Republic
1257,Selma,Ball,Tennis,Qutubullapur,San Marino
1258,Berk,Fuller,Badminton,Neerharen,Dominican Republic
1259,Imogene,Terrell,,Qutubullapur,San Marino
1260,Colorado,Hutchinson,Tennis,Qutubullapur,San Marino
1261,Emerry,Blair,Basketball,Qutubullapur,San Marino
1262,Zephr,Stephenson,Cricket,Neerharen,Dominican Republic
1263,Autumn,Bean,Basketball,Neerharen,Dominican Republic
1264,Kasimir,Vance,Badminton,Neerharen,Dominican Republic
1265,Mufutau,Flores,,Qutubullapur,San Marino
1266,Ayanna,Banks,Football,Neerharen,Dominican Republic
1267,Selma,Ball,Tennis,Qutubullapur,San Marino
1268,Berk,Fuller,Badminton,Neerharen,Dominican Republic
1269,Imogene,Terrell,,Qutubullapur,San Marino
1270,Colorado,Hutchinson,Tennis,Qutubullapur,San Marino
1271,Emerry,Blair,Basketball,Qutubullapur,San Marino
1272,Zephr,Stephenson,Cricket,Neerharen,Dominican Republic
1273,Autumn,Bean,Basketball,Neerharen,Dominican Republic
1274,Kasimir,Vance,Badminton,Neerharen,Dominican Republic
1275,Mufutau,Flores,,Qutubullapur,San Marino
1276,Ayanna,Banks,Football,Neerharen,Dominican Republic
1277,Selma,Ball,Tennis,Qutubullapur,San Marino
1278,Berk,Fuller,Badminton,Neerharen,Dominican Republic
1279,Imogene,Terrell,,Qutubullapur,San Marino
1280,Colorado,Hutchinson,Tennis,Qutubullapur,San Marino
1281,Emerry,Blair,Basketball,Qutubullapur,San Marino
1282,Zephr,Stephenson,Cricket,Neerharen,Dominican Republic
1283,Autumn,Bean,Basketball,Neerharen,Dominican Republic
1284,Kasimir,Vance,Badminton,Neerharen,Dominican Republic
1285,Mufutau,Flores,,Qutubullapur,San Marino
1286,Ayanna,Banks,Football,Neerharen,Dominican Republic
1287,Selma,Ball,Tennis,Qutubullapur,San Marino
1288,Berk,Fuller,Badminton,Neerharen,Dominican Republic
1289,Imogene,Terrell,,Qutubullapur,San Marino
1290,Colorado,Hutchinson,Tennis,Qutubullapur,San Marino
1291,Emerry,Blair,Basketball,Qutubullapur,San Marino
1292,Zephr,Stephenson,Cricket,Neerharen,Dominican Republic
1293,Autumn,Bean,Basketball,Neerharen,Dominican Republic
1294,Kasimir,Vance,Badminton,Neerharen,Dominican Republic
1295,Mufutau,Flores,,Qutubullapur,San Marino
1296,Ayanna,Banks,Football,Neerharen,Dominican Republic
1297,Selma,Ball,Tennis,Qutubullapur,San Marino
1298,Berk,Fuller,Badminton,Neerharen,Dominican Republic
1299,Imogene,Terrell,,Qutubullapur,San Marino
1300,Colorado,Hutchinson,Tennis,Qutubullapur,San Marino
1301,Emerry,Blair,Basketball,Qutubullapur,San Marino
1302,Zephr,Stephenson,Cricket,Neerharen,Dominican Republic
1303,Autumn,Bean,Basketball,Neerharen,Dominican Republic
1304,Kasimir,Vance,Badminton,Neerharen,Dominican Republic
1305,Mufutau,Flores,,Qutubullapur,San Marino
1306,Ayanna,Banks,Football,Neerharen,Dominican Republic
1307,Selma,Ball,Tennis,Qutubullapur,San Marino
1308,Berk,Fuller,Badminton,Neerharen,Dominican Republic
1309,Imogene,Terrell,,Qutubullapur,San Marino
1310,Colorado,Hutchinson,Tennis,Qutubullapur,San Marino
1311,Emerry,Blair,Basketball,Qutubullapur,San Marino
1312,Zephr,Stephenson,Cricket,Neerharen,Dominican Republic
1313,Autumn,Bean,Basketball,Neerharen,Dominican Republic
1314,Kasimir,Vance,Badminton,Neerharen,Dominican Republic
1315,Mufutau,Flores,,Qutubullapur,San Marino
1316,Ayanna,Banks,Football,Neerharen,Dominican Republic
1317,Selma,Ball,Tennis,Qutubullapur,San Marino
1318,Berk,Fuller,Badminton,Neerharen,Dominican Republic
1319,Imogene,Terrell,,Qutubullapur,San Marino
1320,Colorado,Hutchinson,Tennis,Qutubullapur,San Marino
1321,Emerry,Blair,Basketball,Qutubullapur,San Marino
1322,Zephr,Stephenson,Cricket,Neerharen,Dominican Republic
1323,Autumn,Bean,Basketball,Neerharen,Dominican Republic
1324,Kasimir,Vance,Badminton,Neerharen,Dominican Republic
1325,Mufutau,Flores,,Qutubullapur,San Marino
1326,Ayanna,Banks,Football,Neerharen,Dominican Republic
1327,Selma,Ball,Tennis,Qutubullapur,San Marino
1328,Berk,Fuller,Badminton,Neerharen,Dominican Republic
1329,Imogene,Terrell,,Qutubullapur,San Marino
1330,Colorado,Hutchinson,Tennis,Qutubullapur,San Marino
1331,Emerry,Blair,Basketball,Qutubullapur,San Marino
1332,Zephr,Stephenson,Cricket,Neerharen,Dominican Republic
1333,Autumn,Bean,Basketball,Neerharen,Dominican Republic
1334,Kasimir,Vance,Badminton,Neerharen,Dominican Republic
1335,Mufutau,Flores,,Qutubullapur,San Marino
1336,Ayanna,Banks,Football,Neerharen,Dominican Republic
1337,Selma,Ball,Tennis,Qutubullapur,San Marino
1338,Berk,Fuller,Badminton,Neerharen,Dominican Republic
1339,Imogene,Terrell,,Qutubullapur,San Marino
1340,Colorado,Hutchinson,Tennis,Qutubullapur,San Marino
1341,Emerry,Blair,Basketball,Qutubullapur,San Marino
1342,Zephr,Stephenson,Cricket,Neerharen,Dominican Republic
1343,Autumn,Bean,Basketball,Neerharen,Dominican Republic
1344,Kasimir,Vance,Badminton,Neerharen,Dominican Republic
1345,Mufutau,Flores,,Qutubullapur,San Marino
1346,Ayanna,Banks,Football,Neerharen,Dominican Republic
1347,Selma,Ball,Tennis,Qutubullapur,San Marino
1348,Berk,Fuller,Badminton,Neerharen,Dominican Republic
1349,Imogene,Terrell,,Qutubullapur,San Marino
1350,Colorado,Hutchinson,Tennis,Qutubullapur,San Marino
1351,Emerry,Blair,Basketball,Qutubullapur,San Marino
1352,Zephr,Stephenson,Cricket,Neerharen,Dominican Republic
1353,Autumn,Bean,Basketball,Neerharen,Dominican Republic
1354,Kasimir,Vance,Badminton,Neerharen,Dominican Republic
1355,Mufutau,Flores,,Qutubullapur,San Marino
1356,Ayanna,Banks,Football,Neerharen,Dominican Republic
1357,Selma,Ball,Tennis,Qutubullapur,San Marino
1358,Berk,Fuller,Badminton,Neerharen,Dominican Republic
1359,Imogene,Terrell,,Qutubullapur,San Marino
1360,Colorado,Hutchinson,Tennis,Qutubullapur,San Marino
1361,Emerry,Blair,Basketball,Qutubullapur,San Marino
1362,Zephr,Stephenson,Cricket,Neerharen,Dominican Republic
1363,Autumn,Bean,Basketball,Neerharen,Dominican Republic
1364,Kasimir,Vance,Badminton,Neerharen,Dominican Republic
1365,Mufutau,Flores,,Qutubullapur,San Marino
1366,Ayanna,Banks,Football,Neerharen,Dominican Republic
1367,Selma,Ball,Tennis,Qutubullapur,San Marino
1368,Berk,Fuller,Badminton,Neerharen,Dominican Republic
1369,Imogene,Terrell,,Qutubullapur,San Marino
1370,Colorado,Hutchinson,Tennis,Qutubullapur,San Marino
1371,Emerry,Blair,Basketball,Qutubullapur,San Marino
1372,Zephr,Stephenson,Cricket,Neerharen,Dominican Republic
1373,Autumn,Bean,Basketball,Neerharen,Dominican Republic
1374,Kasimir,Vance,Badminton,Neerharen,Dominican Republic
1375,Mufutau,Flores,,Qutubullapur,San Marino
1376,Ayanna,Banks,Football,Neerharen,Dominican Republic
1377,Selma,Ball,Tennis,Qutubullapur,San Marino
1378,Berk,Fuller,Badminton,Neerharen,Dominican Republic
1379,Imogene,Terrell,,Qutubullapur,San Marino
1380,Colorado,Hutchinson,Tennis,Qutubullapur,San Marino
1381,Emerry,Blair,Basketball,Qutubullapur,San Marino
1382,Zephr,Stephenson,Cricket,Neerharen,Dominican Republic
1383,Autumn,Bean,Basketball,Neerharen,Dominican Republic
1384,Kasimir,Vance,Badminton,Neerharen,Dominican Republic
1385,Mufutau,Flores,,Qutubullapur,San Marino
1386,Ayanna,Banks,Football,Neerharen,Dominican Republic
1387,Selma,Ball,Tennis,Qutubullapur,San Marino
1388,Berk,Fuller,Badminton,Neerharen,Dominican Republic
1389,Imogene,Terrell,,Qutubullapur,San Marino
1390,Colorado,Hutchinson,Tennis,Qutubullapur,San Marino
1391,Emerry,Blair,Basketball,Qutubullapur,San Marino
1392,Zephr,Stephenson,Cricket,Neerharen,Dominican Republic
1393,Autumn,Bean,Basketball,Neerharen,Dominican Republic
1394,Kasimir,Vance,Badminton,Neerharen,Dominican Republic
1395,Mufutau,Flores,,Qutubullapur,San Marino
1396,Ayanna,Banks,Football,Neerharen,Dominican Republic
1397,Selma,Ball,Tennis,Qutubullapur,San Marino
1398,Berk,Fuller,Badminton,Neerharen,Dominican Republic
1399,Imogene,Terrell,,Qutubullapur,San Marino
1400,Colorado,Hutchinson,Tennis,Qutubullapur,San Marino
1401,Emerry,Blair,Basketball,Qutubullapur,San Marino
1402,Zephr,Stephenson,Cricket,Neerharen,Dominican Republic
1403,Autumn,Bean,Basketball,Neerharen,Dominican Republic
1404,Kasimir,Vance,Badminton,Neerharen,Dominican Republic
1405,Mufutau,Flores,,Qutubullapur,San Marino
1406,Ayanna,Banks,Football,Neerharen,Dominican Republic
1407,Selma,Ball,Tennis,Qutubullapur,San Marino
1408,Berk,Fuller,Badminton,Neerharen,Dominican Republic
1409,Imogene,Terrell,,Qutubullapur,San Marino
1410,Colorado,Hutchinson,Tennis,Qutubullapur,San Marino
1411,Emerry,Blair,Basketball,Qutubullapur,San Marino
1412,Zephr,Stephenson,Cricket,Neerharen,Dominican Republic
1413,Autumn,Bean,Basketball,Neerharen,Dominican Republic
1414,Kasimir,Vance,Badminton,Neerharen,Dominican Republic
1415,Mufutau,Flores,,Qutubullapur,San Marino
1416,Ayanna,Banks,Football,Neerharen,Dominican Republic
1417,Selma,Ball,Tennis,Qutubullapur,San Marino
1418,Berk,Fuller,Badminton,Neerharen,Dominican Republic
1419,Imogene,Terrell,,Qutubullapur,San Marino
1420,Colorado,Hutchinson,Tennis,Qutubullapur,San Marino
1421,Emerry,Blair,Basketball,Qutubullapur,San Marino
1422,Zephr,Stephenson,Cricket,Neerharen,Dominican Republic
1423,Autumn,Bean,Basketball,Neerharen,Dominican Republic
1424,Kasimir,Vance,Badminton,Neerharen,Dominican Republic
1425,Mufutau,Flores,,Qutubullapur,San Marino
1426,Ayanna,Banks,Football,Neerharen,Dominican Republic
1427,Selma,Ball,Tennis,Qutubullapur,San Marino
1428,Berk,Fuller,Badminton,Neerharen,Dominican Republic
1429,Imogene,Terrell,,Qutubullapur,San Marino
1430,Colorado,Hutchinson,Tennis,Qutubullapur,San Marino
1431,Emerry,Blair,Basketball,Qutubullapur,San Marino
1432,Zephr,Stephenson,Cricket,Neerharen,Dominican Republic
1433,Autumn,Bean,Basketball,Neerharen,Dominican Republic
1434,Kasimir,Vance,Badminton,Neerharen,Dominican Republic
1435,Mufutau,Flores,,Qutubullapur,San Marino
1436,Ayanna,Banks,Football,Neerharen,Dominican Republic
1437,Selma,Ball,Tennis,Qutubullapur,San Marino
1438,Berk,Fuller,Badminton,Neerharen,Dominican Republic
1439,Imogene,Terrell,,Qutubullapur,San Marino
1440,Colorado,Hutchinson,Tennis,Qutubullapur,San Marino
1441,Emerry,Blair,Basketball,Qutubullapur,San Marino
1442,Zephr,Stephenson,Cricket,Neerharen,Dominican Republic
1443,Autumn,Bean,Basketball,Neerharen,Dominican Republic
1444,Kasimir,Vance,Badminton,Neerharen,Dominican Republic
1445,Mufutau,Flores,,Qutubullapur,San Marino
1446,Ayanna,Banks,Football,Neerharen,Dominican Republic
1447,Selma,Ball,Tennis,Qutubullapur,San Marino
1448,Berk,Fuller,Badminton,Neerharen,Dominican Republic
1449,Imogene,Terrell,,Qutubullapur,San Marino
1450,Colorado,Hutchinson,Tennis,Qutubullapur,San Marino
1451,Emerry,Blair,Basketball,Qutubullapur,San Marino
1452,Zephr,Stephenson,Cricket,Neerharen,Dominican Republic
1453,Autumn,Bean,Basketball,Neerharen,Dominican Republic
1454,Kasimir,Vance,Badminton,Neerharen,Dominican Republic
1455,Mufutau,Flores,,Qutubullapur,San Marino
1456,Ayanna,Banks,Football,Neerharen,Dominican Republic
1457,Selma,Ball,Tennis,Qutubullapur,San Marino
1458,Berk,Fuller,Badminton,Neerharen,Dominican Republic
1459,Imogene,Terrell,,Qutubullapur,San Marino
1460,Colorado,Hutchinson,Tennis,Qutubullapur,San Marino
1461,Emerry,Blair,Basketball,Qutubullapur,San Marino
1462,Zephr,Stephenson,Cricket,Neerharen,Dominican Republic
1463,Autumn,Bean,Basketball,Neerharen,Dominican Republic
1464,Kasimir,Vance,Badminton,Neerharen,Dominican Republic
1465,Mufutau,Flores,,Qutubullapur,San Marino
1466,Ayanna,Banks,Football,Neerharen,Dominican Republic
1467,Selma,Ball,Tennis,Qutubullapur,San Marino
1468,Berk,Fuller,Badminton,Neerharen,Dominican Republic
1469,Imogene,Terrell,,Qutubullapur,San Marino
1470,Colorado,Hutchinson,Tennis,Qutubullapur,San Marino
1471,Emerry,Blair,Basketball,Qutubullapur,San Marino
1472,Zephr,Stephenson,Cricket,Neerharen,Dominican Republic
1473,Autumn,Bean,Basketball,Neerharen,Dominican Republic
1474,Kasimir,Vance,Badminton,Neerharen,Dominican Republic
1475,Mufutau,Flores,,Qutubullapur,San Marino
1476,Ayanna,Banks,Football,Neerharen,Dominican Republic
1477,Selma,Ball,Tennis,Qutubullapur,San Marino
1478,Berk,Fuller,Badminton,Neerharen,Dominican Republic
1479,Imogene,Terrell,,Qutubullapur,San Marino
1480,Colorado,Hutchinson,Tennis,Qutubullapur,San Marino
1481,Emerry,Blair,Basketball,Qutubullapur,San Marino
1482,Zephr,Stephenson,Cricket,Neerharen,Dominican Republic
1483,Autumn,Bean,Basketball,Neerharen,Dominican Republic
1484,Kasimir,Vance,Badminton,Neerharen,Dominican Republic
1485,Mufutau,Flores,,Qutubullapur,San Marino
1486,Ayanna,Banks,Football,Neerharen,Dominican Republic
1487,Selma,Ball,Tennis,Qutubullapur,San Marino
1488,Berk,Fuller,Badminton,Neerharen,Dominican Republic
1489,Imogene,Terrell,,Qutubullapur,San Marino
1490,Colorado,Hutchinson,Tennis,Qutubullapur,San Marino
1491,Emerry,Blair,Basketball,Qutubullapur,San Marino
1492,Zephr,Stephenson,Cricket,Neerharen,Dominican Republic
1493,Autumn,Bean,Basketball,Neerharen,Dominican Republic
1494,Kasimir,Vance,Badminton,Neerharen,Dominican Republic
1495,Mufutau,Flores,,Qutubullapur,San Marino
1496,Ayanna,Banks,Football,Neerharen,Dominican Republic
1497,Selma,Ball,Tennis,Qutubullapur,San Marino
1498,Berk,Fuller,Badminton,Neerharen,Dominican Republic
1499,Imogene,Terrell,,Qutubullapur,San Marino
1500,Colorado,Hutchinson,Tennis,Qutubullapur,San Marino
1501,Emerry,Blair,Basketball,Qutubullapur,San Marino
1502,Zephr,Stephenson,Cricket,Neerharen,Dominican Republic
1503,Autumn,Bean,Basketball,Neerharen,Dominican Republic
1504,Kasimir,Vance,Badminton,Neerharen,Dominican Republic
1505,Mufutau,Flores,,Qutubullapur,San Marino
1506,Ayanna,Banks,Football,Neerharen,Dominican Republic
1507,Selma,Ball,Tennis,Qutubullapur,San Marino
1508,Berk,Fuller,Badminton,Neerharen,Dominican Republic
1509,Imogene,Terrell,,Qutubullapur,San Marino
1510,Colorado,Hutchinson,Tennis,Qutubullapur,San Marino
1511,Emerry,Blair,Basketball,Qutubullapur,San Marino
1512,Zephr,Stephenson,Cricket,Neerharen,Dominican Republic
1513,Autumn,Bean,Basketball,Neerharen,Dominican Republic
1514,Kasimir,Vance,Badminton,Neerharen,Dominican Republic
1515,Mufutau,Flores,,Qutubullapur,San Marino
1516,Ayanna,Banks,Football,Neerharen,Dominican Republic
1517,Selma,Ball,Tennis,Qutubullapur,San Marino
1518,Berk,Fuller,Badminton,Neerharen,Dominican Republic
1519,Imogene,Terrell,,Qutubullapur,San Marino
1520,Colorado,Hutchinson,Tennis,Qutubullapur,San Marino
1521,Emerry,Blair,Basketball,Qutubullapur,San Marino
1522,Zephr,Stephenson,Cricket,Neerharen,Dominican Republic
1523,Autumn,Bean,Basketball,Neerharen,Dominican Republic
1524,Kasimir,Vance,Badminton,Neerharen,Dominican Republic
1525,Mufutau,Flores,,Qutubullapur,San Marino
1526,Ayanna,Banks,Football,Neerharen,Dominican Republic
1527,Selma,Ball,Tennis,Qutubullapur,San Marino
1528,Berk,Fuller,Badminton,Neerharen,Dominican Republic
1529,Imogene,Terrell,,Qutubullapur,San Marino
1530,Colorado,Hutchinson,Tennis,Qutubullapur,San Marino
1531,Emerry,Blair,Basketball,Qutubullapur,San Marino
1532,Zephr,Stephenson,Cricket,Neerharen,Dominican Republic
1533,Autumn,Bean,Basketball,Neerharen,Dominican Republic
1534,Kasimir,Vance,Badminton,Neerharen,Dominican Republic
1535,Mufutau,Flores,,Qutubullapur,San Marino
1536,Ayanna,Banks,Football,Neerharen,Dominican Republic
1537,Selma,Ball,Tennis,Qutubullapur,San Marino
1538,Berk,Fuller,Badminton,Neerharen,Dominican Republic
1539,Imogene,Terrell,,Qutubullapur,San Marino
1540,Colorado,Hutchinson,Tennis,Qutubullapur,San Marino
1541,Emerry,Blair,Basketball,Qutubullapur,San Marino
1542,Zephr,Stephenson,Cricket,Neerharen,Dominican Republic
1543,Autumn,Bean,Basketball,Neerharen,Dominican Republic
1544,Kasimir,Vance,Badminton,Neerharen,Dominican Republic
1545,Mufutau,Flores,,Qutubullapur,San Marino
1546,Ayanna,Banks,Football,Neerharen,Dominican Republic
1547,Selma,Ball,Tennis,Qutubullapur,San Marino
1548,Berk,Fuller,Badminton,Neerharen,Dominican Republic
1549,Imogene,Terrell,,Qutubullapur,San Marino
1550,Colorado,Hutchinson,Tennis,Qutubullapur,San Marino
1551,Emerry,Blair,Basketball,Qutubullapur,San Marino
1552,Zephr,Stephenson,Cricket,Neerharen,Dominican Republic
1553,Autumn,Bean,Basketball,Neerharen,Dominican Republic
1554,Kasimir,Vance,Badminton,Neerharen,Dominican Republic
1555,Mufutau,Flores,,Qutubullapur,San Marino
1556,Ayanna,Banks,Football,Neerharen,Dominican Republic
1557,Selma,Ball,Tennis,Qutubullapur,San Marino
1558,Berk,Fuller,Badminton,Neerharen,Dominican Republic
1559,Imogene,Terrell,,Qutubullapur,San Marino
1560,Colorado,Hutchinson,Tennis,Qutubullapur,San Marino
1561,Emerry,Blair,Basketball,Qutubullapur,San Marino
1562,Zephr,Stephenson,Cricket,Neerharen,Dominican Republic
1563,Autumn,Bean,Basketball,Neerharen,Dominican Republic
1564,Kasimir,Vance,Badminton,Neerharen,Dominican Republic
1565,Mufutau,Flores,,Qutubullapur,San Marino
1566,Ayanna,Banks,Football,Neerharen,Dominican Republic
1567,Selma,Ball,Tennis,Qutubullapur,San Marino
1568,Berk,Fuller,Badminton,Neerharen,Dominican Republic
1569,Imogene,Terrell,,Qutubullapur,San Marino
1570,Colorado,Hutchinson,Tennis,Qutubullapur,San Marino
1571,Emerry,Blair,Basketball,Qutubullapur,San Marino
1572,Zephr,Stephenson,Cricket,Neerharen,Dominican Republic
1573,Autumn,Bean,Basketball,Neerharen,Dominican Republic
1574,Kasimir,Vance,Badminton,Neerharen,Dominican Republic
1575,Mufutau,Flores,,Qutubullapur,San Marino
1576,Ayanna,Banks,Football,Neerharen,Dominican Republic
1577,Selma,Ball,Tennis,Qutubullapur,San Marino
1578,Berk,Fuller,Badminton,Neerharen,Dominican Republic
1579,Imogene,Terrell,,Qutubullapur,San Marino
1580,Colorado,Hutchinson,Tennis,Qutubullapur,San Marino
1581,Emerry,Blair,Basketball,Qutubullapur,San Marino
1582,Zephr,Stephenson,Cricket,Neerharen,Dominican Republic
1583,Autumn,Bean,Basketball,Neerharen,Dominican Republic
1584,Kasimir,Vance,Badminton,Neerharen,Dominican Republic
1585,Mufutau,Flores,,Qutubullapur,San Marino
1586,Ayanna,Banks,Football,Neerharen,Dominican Republic
1587,Selma,Ball,Tennis,Qutubullapur,San Marino
1588,Berk,Fuller,Badminton,Neerharen,Dominican Republic
1589,Imogene,Terrell,,Qutubullapur,San Marino
1590,Colorado,Hutchinson,Tennis,Qutubullapur,San Marino
1591,Emerry,Blair,Basketball,Qutubullapur,San Marino
1592,Zephr,Stephenson,Cricket,Neerharen,Dominican Republic
1593,Autumn,Bean,Basketball,Neerharen,Dominican Republic
1594,Kasimir,Vance,Badminton,Neerharen,Dominican Republic
1595,Mufutau,Flores,,Qutubullapur,San Marino
1596,Ayanna,Banks,Football,Neerharen,Dominican Republic
1597,Selma,Ball,Tennis,Qutubullapur,San Marino
1598,Berk,Fuller,Badminton,Neerharen,Dominican Republic
1599,Imogene,Terrell,,Qutubullapur,San Marino
1600,Colorado,Hutchinson,Tennis,Qutubullapur,San Marino
1601,Emerry,Blair,Basketball,Qutubullapur,San Marino
1602,Zephr,Stephenson,Cricket,Neerharen,Dominican Republic
1603,Autumn,Bean,Basketball,Neerharen,Dominican Republic
1604,Kasimir,Vance,Badminton,Neerharen,Dominican Republic
1605,Mufutau,Flores,,Qutubullapur,San Marino
1606,Ayanna,Banks,Football,Neerharen,Dominican Republic
1607,Selma,Ball,Tennis,Qutubullapur,San Marino
1608,Berk,Fuller,Badminton,Neerharen,Dominican Republic
1609,Imogene,Terrell,,Qutubullapur,San Marino
1610,Colorado,Hutchinson,Tennis,Qutubullapur,San Marino
1611,Emerry,Blair,Basketball,Qutubullapur,San Marino
1612,Zephr,Stephenson,Cricket,Neerharen,Dominican Republic
1613,Autumn,Bean,Basketball,Neerharen,Dominican Republic
1614,Kasimir,Vance,Badminton,Neerharen,Dominican Republic
1615,Mufutau,Flores,,Qutubullapur,San Marino
1616,Ayanna,Banks,Football,Neerharen,Dominican Republic
1617,Selma,Ball,Tennis,Qutubullapur,San Marino
1618,Berk,Fuller,Badminton,Neerharen,Dominican Republic
1619,Imogene,Terrell,,Qutubullapur,San Marino
1620,Colorado,Hutchinson,Tennis,Qutubullapur,San Marino
1621,Emerry,Blair,Basketball,Qutubullapur,San Marino
1622,Zephr,Stephenson,Cricket,Neerharen,Dominican Republic
1623,Autumn,Bean,Basketball,Neerharen,Dominican Republic
1624,Kasimir,Vance,Badminton,Neerharen,Dominican Republic
1625,Mufutau,Flores,,Qutubullapur,San Marino
1626,Ayanna,Banks,Football,Neerharen,Dominican Republic
1627,Selma,Ball,Tennis,Qutubullapur,San Marino
1628,Berk,Fuller,Badminton,Neerharen,Dominican Republic
1629,Imogene,Terrell,,Qutubullapur,San Marino
1630,Colorado,Hutchinson,Tennis,Qutubullapur,San Marino
1631,Emerry,Blair,Basketball,Qutubullapur,San Marino
1632,Zephr,Stephenson,Cricket,Neerharen,Dominican Republic
1633,Autumn,Bean,Basketball,Neerharen,Dominican Republic
1634,Kasimir,Vance,Badminton,Neerharen,Dominican Republic
1635,Mufutau,Flores,,Qutubullapur,San Marino
1636,Ayanna,Banks,Football,Neerharen,Dominican Republic
1637,Selma,Ball,Tennis,Qutubullapur,San Marino
1638,Berk,Fuller,Badminton,Neerharen,Dominican Republic
1639,Imogene,Terrell,,Qutubullapur,San Marino
1640,Colorado,Hutchinson,Tennis,Qutubullapur,San Marino
1641,Emerry,Blair,Basketball,Qutubullapur,San Marino
1642,Zephr,Stephenson,Cricket,Neerharen,Dominican Republic
1643,Autumn,Bean,Basketball,Neerharen,Dominican Republic
1644,Kasimir,Vance,Badminton,Neerharen,Dominican Republic
1645,Mufutau,Flores,,Qutubullapur,San Marino
1646,Ayanna,Banks,Football,Neerharen,Dominican Republic
1647,Selma,Ball,Tennis,Qutubullapur,San Marino
1648,Berk,Fuller,Badminton,Neerharen,Dominican Republic
